﻿{  "named": [    {      "name": "aliceblue",      "red": 240,      "green": 248,      "blue": 255    },    {      "name": "antiquewhite",      "red": 250,      "green": 235,      "blue": 215    },    {      "name": "aqua",      "red": 0,      "green": 255,      "blue": 255    },    {      "name": "aquamarine",      "red": 127,      "green": 255,      "blue": 212    },    {      "name": "azure",      "red": 240,      "green": 255,      "blue": 255    },    {      "name": "beige",      "red": 245,      "green": 245,      "blue": 220    },    {      "name": "bisque",      "red": 255,      "green": 228,      "blue": 196    },    {      "name": "black",      "red": 0,      "green": 0,      "blue": 0    },    {      "name": "blanchedalmond",      "red": 255,      "green": 235,      "blue": 205    },    {      "name": "blue",      "red": 0,      "green": 0,      "blue": 255    },    {      "name": "blueviolet",      "red": 138,      "green": 43,      "blue": 226    },    {      "name": "brown",      "red": 165,      "green": 42,      "blue": 42    },    {      "name": "burlywood",      "red": 222,      "green": 184,      "blue": 135    },    {      "name": "cadetblue",      "red": 95,      "green": 158,      "blue": 160    },    {      "name": "chartreuse",      "red": 127,      "green": 255,      "blue": 0    },    {      "name": "chocolate",      "red": 210,      "green": 105,      "blue": 30    },    {      "name": "coral",      "red": 255,      "green": 127,      "blue": 80    },    {      "name": "cornflowerblue",      "red": 100,      "green": 149,      "blue": 237    },    {      "name": "cornsilk",      "red": 255,      "green": 248,      "blue": 220    },    {      "name": "crimson",      "red": 220,      "green": 20,      "blue": 60    },    {      "name": "cyan",      "red": 0,      "green": 255,      "blue": 255    },    {      "name": "darkblue",      "red": 0,      "green": 0,      "blue": 139    },    {      "name": "darkcyan",      "red": 0,      "green": 139,      "blue": 139    },    {      "name": "darkgoldenrod",      "red": 184,      "green": 134,      "blue": 11    },    {      "name": "darkgray",      "red": 169,      "green": 169,      "blue": 169    },    {      "name": "darkgreen",      "red": 0,      "green": 100,      "blue": 0    },    {      "name": "darkgrey",      "red": 169,      "green": 169,      "blue": 169    },    {      "name": "darkkhaki",      "red": 189,      "green": 183,      "blue": 107    },    {      "name": "darkmagenta",      "red": 139,      "green": 0,      "blue": 139    },    {      "name": "darkolivegreen",      "red": 85,      "green": 107,      "blue": 47    },    {      "name": "darkorange",      "red": 255,      "green": 140,      "blue": 0    },    {      "name": "darkorchid",      "red": 153,      "green": 50,      "blue": 204    },    {      "name": "darkred",      "red": 139,      "green": 0,      "blue": 0    },    {      "name": "darksalmon",      "red": 233,      "green": 150,      "blue": 122    },    {      "name": "darkseagreen",      "red": 143,      "green": 188,      "blue": 143    },    {      "name": "darkslateblue",      "red": 72,      "green": 61,      "blue": 139    },    {      "name": "darkslategray",      "red": 47,      "green": 79,      "blue": 79    },    {      "name": "darkslategrey",      "red": 47,      "green": 79,      "blue": 79    },    {      "name": "darkturquoise",      "red": 0,      "green": 206,      "blue": 209    },    {      "name": "darkviolet",      "red": 148,      "green": 0,      "blue": 211    },    {      "name": "deeppink",      "red": 255,      "green": 20,      "blue": 147    },    {      "name": "deepskyblue",      "red": 0,      "green": 191,      "blue": 255    },    {      "name": "dimgray",      "red": 105,      "green": 105,      "blue": 105    },    {      "name": "dimgrey",      "red": 105,      "green": 105,      "blue": 105    },    {      "name": "dodgerblue",      "red": 30,      "green": 144,      "blue": 255    },    {      "name": "firebrick",      "red": 178,      "green": 34,      "blue": 34    },    {      "name": "floralwhite",      "red": 255,      "green": 250,      "blue": 240    },    {      "name": "forestgreen",      "red": 34,      "green": 139,      "blue": 34    },    {      "name": "fuchsia",      "red": 255,      "green": 0,      "blue": 255    },    {      "name": "gainsboro",      "red": 220,      "green": 220,      "blue": 220    },    {      "name": "ghostwhite",      "red": 248,      "green": 248,      "blue": 255    },    {      "name": "gold",      "red": 255,      "green": 215,      "blue": 0    },    {      "name": "goldenrod",      "red": 218,      "green": 165,      "blue": 32    },    {      "name": "gray",      "red": 128,      "green": 128,      "blue": 128    },    {      "name": "green",      "red": 0,      "green": 128,      "blue": 0    },    {      "name": "greenyellow",      "red": 173,      "green": 255,      "blue": 47    },    {      "name": "grey",      "red": 128,      "green": 128,      "blue": 128    },    {      "name": "honeydew",      "red": 240,      "green": 255,      "blue": 240    },    {      "name": "hotpink",      "red": 255,      "green": 105,      "blue": 180    },    {      "name": "indianred",      "red": 205,      "green": 92,      "blue": 92    },    {      "name": "indigo",      "red": 75,      "green": 0,      "blue": 130    },    {      "name": "ivory",      "red": 255,      "green": 255,      "blue": 240    },    {      "name": "khaki",      "red": 240,      "green": 230,      "blue": 140    },    {      "name": "lavender",      "red": 230,      "green": 230,      "blue": 250    },    {      "name": "lavenderblush",      "red": 255,      "green": 240,      "blue": 245    },    {      "name": "lawngreen",      "red": 124,      "green": 252,      "blue": 0    },    {      "name": "lemonchiffon",      "red": 255,      "green": 250,      "blue": 205    },    {      "name": "lightblue",      "red": 173,      "green": 216,      "blue": 230    },    {      "name": "lightcoral",      "red": 240,      "green": 128,      "blue": 128    },    {      "name": "lightcyan",      "red": 224,      "green": 255,      "blue": 255    },    {      "name": "lightgoldenrodyellow",      "red": 250,      "green": 250,      "blue": 210    },    {      "name": "lightgray",      "red": 211,      "green": 211,      "blue": 211    },    {      "name": "lightgreen",      "red": 144,      "green": 238,      "blue": 144    },    {      "name": "lightgrey",      "red": 211,      "green": 211,      "blue": 211    },    {      "name": "lightpink",      "red": 255,      "green": 182,      "blue": 193    },    {      "name": "lightsalmon",      "red": 255,      "green": 160,      "blue": 122    },    {      "name": "lightseagreen",      "red": 32,      "green": 178,      "blue": 170    },    {      "name": "lightskyblue",      "red": 135,      "green": 206,      "blue": 250    },    {      "name": "lightslategray",      "red": 119,      "green": 136,      "blue": 153    },    {      "name": "lightslategrey",      "red": 119,      "green": 136,      "blue": 153    },    {      "name": "lightsteelblue",      "red": 176,      "green": 196,      "blue": 222    },    {      "name": "lightyellow",      "red": 255,      "green": 255,      "blue": 224    },    {      "name": "lime",      "red": 0,      "green": 255,      "blue": 0    },    {      "name": "limegreen",      "red": 50,      "green": 205,      "blue": 50    },    {      "name": "linen",      "red": 250,      "green": 240,      "blue": 230    },    {      "name": "magenta",      "red": 255,      "green": 0,      "blue": 255    },    {      "name": "maroon",      "red": 128,      "green": 0,      "blue": 0    },    {      "name": "mediumaquamarine",      "red": 102,      "green": 205,      "blue": 170    },    {      "name": "mediumblue",      "red": 0,      "green": 0,      "blue": 205    },    {      "name": "mediumorchid",      "red": 186,      "green": 85,      "blue": 211    },    {      "name": "mediumpurple",      "red": 147,      "green": 112,      "blue": 219    },    {      "name": "mediumseagreen",      "red": 60,      "green": 179,      "blue": 113    },    {      "name": "mediumslateblue",      "red": 123,      "green": 104,      "blue": 238    },    {      "name": "mediumspringgreen",      "red": 0,      "green": 250,      "blue": 154    },    {      "name": "mediumturquoise",      "red": 72,      "green": 209,      "blue": 204    },    {      "name": "mediumvioletred",      "red": 199,      "green": 21,      "blue": 133    },    {      "name": "midnightblue",      "red": 25,      "green": 25,      "blue": 112    },    {      "name": "mintcream",      "red": 245,      "green": 255,      "blue": 250    },    {      "name": "mistyrose",      "red": 255,      "green": 228,      "blue": 225    },    {      "name": "moccasin",      "red": 255,      "green": 228,      "blue": 181    },    {      "name": "navajowhite",      "red": 255,      "green": 222,      "blue": 173    },    {      "name": "navy",      "red": 0,      "green": 0,      "blue": 128    },    {      "name": "oldlace",      "red": 253,      "green": 245,      "blue": 230    },    {      "name": "olive",      "red": 128,      "green": 128,      "blue": 0    },    {      "name": "olivedrab",      "red": 107,      "green": 142,      "blue": 35    },    {      "name": "orange",      "red": 255,      "green": 165,      "blue": 0    },    {      "name": "orangered",      "red": 255,      "green": 69,      "blue": 0    },    {      "name": "orchid",      "red": 218,      "green": 112,      "blue": 214    },    {      "name": "palegoldenrod",      "red": 238,      "green": 232,      "blue": 170    },    {      "name": "palegreen",      "red": 152,      "green": 251,      "blue": 152    },    {      "name": "paleturquoise",      "red": 175,      "green": 238,      "blue": 238    },    {      "name": "palevioletred",      "red": 219,      "green": 112,      "blue": 147    },    {      "name": "papayawhip",      "red": 255,      "green": 239,      "blue": 213    },    {      "name": "peachpuff",      "red": 255,      "green": 218,      "blue": 185    },    {      "name": "peru",      "red": 205,      "green": 133,      "blue": 63    },    {      "name": "pink",      "red": 255,      "green": 192,      "blue": 203    },    {      "name": "plum",      "red": 221,      "green": 160,      "blue": 221    },    {      "name": "powderblue",      "red": 176,      "green": 224,      "blue": 230    },    {      "name": "purple",      "red": 128,      "green": 0,      "blue": 128    },    {      "name": "rebeccapurple",      "red": 102,      "green": 51,      "blue": 153    },    {      "name": "red",      "red": 255,      "green": 0,      "blue": 0    },    {      "name": "rosybrown",      "red": 188,      "green": 143,      "blue": 143    },    {      "name": "royalblue",      "red": 65,      "green": 105,      "blue": 225    },    {      "name": "saddlebrown",      "red": 139,      "green": 69,      "blue": 19    },    {      "name": "salmon",      "red": 250,      "green": 128,      "blue": 114    },    {      "name": "sandybrown",      "red": 244,      "green": 164,      "blue": 96    },    {      "name": "seagreen",      "red": 46,      "green": 139,      "blue": 87    },    {      "name": "seashell",      "red": 255,      "green": 245,      "blue": 238    },    {      "name": "sienna",      "red": 160,      "green": 82,      "blue": 45    },    {      "name": "silver",      "red": 192,      "green": 192,      "blue": 192    },    {      "name": "skyblue",      "red": 135,      "green": 206,      "blue": 235    },    {      "name": "slateblue",      "red": 106,      "green": 90,      "blue": 205    },    {      "name": "slategray",      "red": 112,      "green": 128,      "blue": 144    },    {      "name": "slategrey",      "red": 112,      "green": 128,      "blue": 144    },    {      "name": "snow",      "red": 255,      "green": 250,      "blue": 250    },    {      "name": "springgreen",      "red": 0,      "green": 255,      "blue": 127    },    {      "name": "steelblue",      "red": 70,      "green": 130,      "blue": 180    },    {      "name": "tan",      "red": 210,      "green": 180,      "blue": 140    },    {      "name": "teal",      "red": 0,      "green": 128,      "blue": 128    },    {      "name": "thistle",      "red": 216,      "green": 191,      "blue": 216    },    {      "name": "tomato",      "red": 255,      "green": 99,      "blue": 71    },    {      "name": "turquoise",      "red": 64,      "green": 224,      "blue": 208    },    {      "name": "violet",      "red": 238,      "green": 130,      "blue": 238    },    {      "name": "wheat",      "red": 245,      "green": 222,      "blue": 179    },    {      "name": "white",      "red": 255,      "green": 255,      "blue": 255    },    {      "name": "whitesmoke",      "red": 245,      "green": 245,      "blue": 245    },    {      "name": "yellow",      "red": 255,      "green": 255,      "blue": 0    },    {      "name": "yellowgreen",      "red": 154,      "green": 205,      "blue": 50    }  ],  "indexed": [    "rgb(255,255,255)",    "rgb(255,255,0)",    "rgb(255,102,0)",    "rgb(255,0,0)",    "rgb(255,0,153)",    "rgb(0,0,153)",    "rgb(0,0,255)",    "rgb(0,153,255)",    "rgb(0,187,0)",    "rgb(0,153,0)",    "rgb(102,51,0)",    "rgb(68,68,68)",    "rgb(221,221,221)",    "rgb(153,102,0)",    "rgb(170,170,170)",    "rgb(0,0,0)",    "rgb(255,0,94)",    "rgb(255,4,86)",    "rgb(255,0,72)",    "rgb(255,0,75)",    "rgb(255,0,50)",    "rgb(255,0,39)",    "rgb(255,0,28)",    "rgb(255,0,17)",    "rgb(255,0,6)",    "rgb(255,4,0)",    "rgb(255,15,0)",    "rgb(255,26,0)",    "rgb(255,37,0)",    "rgb(255,48,0)",    "rgb(255,59,0)",    "rgb(255,70,0)",    "rgb(255,77,0)",    "rgb(255,84,0)",    "rgb(255,91,0)",    "rgb(255,98,0)",    "rgb(255,105,0)",    "rgb(255,114,3)",    "rgb(255,124,4)",    "rgb(255,130,2)",    "rgb(255,138,6)",    "rgb(255,146,3)",    "rgb(255,153,2)",    "rgb(255,160,3)",    "rgb(255,159,0)",    "rgb(255,174,16)",    "rgb(255,177,7)",    "rgb(255,184,4)",    "rgb(255,192,0)",    "rgb(255,199,4)",    "rgb(255,206,0)",    "rgb(255,215,0)",    "rgb(255,223,3)",    "rgb(255,230,5)",    "rgb(255,239,10)",    "rgb(255,246,4)",    "rgb(255,253,6)",    "rgb(249,255,0)",    "rgb(242,255,4)",    "rgb(235,255,0)",    "rgb(226,255,0)",    "rgb(211,255,0)",    "rgb(202,255,0)",    "rgb(195,255,0)",    "rgb(188,255,0)",    "rgb(166,255,0)",    "rgb(144,255,0)",    "rgb(122,255,0)",    "rgb(100,255,0)",    "rgb(79,255,0)",    "rgb(60,255,3)",    "rgb(12,255,0)",    "rgb(3,255,12)",    "rgb(4,255,35)",    "rgb(0,255,53)",    "rgb(0,255,75)",    "rgb(0,255,96)",    "rgb(0,255,118)",    "rgb(0,255,140)",    "rgb(0,255,167)",    "rgb(0,255,167)",    "rgb(0,255,177)",    "rgb(0,255,187)",    "rgb(0,255,197)",    "rgb(0,255,208)",    "rgb(0,255,218)",    "rgb(0,255,228)",    "rgb(0,255,238)",    "rgb(0,255,248)",    "rgb(0,253,255)",    "rgb(0,243,255)",    "rgb(0,233,255)",    "rgb(0,224,255)",    "rgb(0,213,255)",    "rgb(0,203,255)",    "rgb(0,193,255)",    "rgb(0,180,255)",    "rgb(0,161,255)",    "rgb(0,142,255)",    "rgb(0,124,255)",    "rgb(0,105,255)",    "rgb(0,86,255)",    "rgb(0,67,255)",    "rgb(1,40,255)",    "rgb(0,30,255)",    "rgb(0,11,255)",    "rgb(7,0,255)",    "rgb(25,0,255)",    "rgb(44,0,255)",    "rgb(63,0,255)",    "rgb(82,0,255)",    "rgb(101,0,255)",    "rgb(120,0,255)",    "rgb(139,0,255)",    "rgb(158,0,255)",    "rgb(177,0,255)",    "rgb(196,0,255)",    "rgb(215,0,255)",    "rgb(234,0,255)",    "rgb(253,0,255)",    "rgb(255,3,239)",    "rgb(255,0,220)",    "rgb(255,0,201)",    "rgb(255,0,182)",    "rgb(255,0,163)",    "rgb(255,0,144)",    "rgb(255,0,125)",    "rgb(255,0,106)",    "rgb(255,224,224)",    "rgb(255,192,192)",    "rgb(255,160,160)",    "rgb(255,127,127)",    "rgb(255,95,95)",    "rgb(255,64,64)",    "rgb(255,32,32)",    "rgb(255,0,0)",    "rgb(236,15,0)",    "rgb(216,0,0)",    "rgb(207,0,0)",    "rgb(176,0,0)",    "rgb(156,0,0)",    "rgb(136,0,0)",    "rgb(116,0,0)",    "rgb(96,0,0)",    "rgb(255,240,223)",    "rgb(255,224,192)",    "rgb(255,207,160)",    "rgb(255,190,127)",    "rgb(255,176,95)",    "rgb(255,161,64)",    "rgb(255,145,32)",    "rgb(255,129,0)",    "rgb(236,119,0)",    "rgb(216,109,0)",    "rgb(196,99,0)",    "rgb(176,89,0)",    "rgb(156,82,0)",    "rgb(136,69,0)",    "rgb(116,59,0)",    "rgb(96,48,0)",    "rgb(255,255,223)",    "rgb(255,255,192)",    "rgb(255,255,160)",    "rgb(255,255,127)",    "rgb(254,255,95)",    "rgb(254,255,64)",    "rgb(254,255,32)",    "rgb(254,255,0)",    "rgb(234,236,0)",    "rgb(214,215,0)",    "rgb(194,195,0)",    "rgb(174,175,0)",    "rgb(158,159,0)",    "rgb(135,136,0)",    "rgb(115,116,0)",    "rgb(95,96,0)",    "rgb(226,255,223)",    "rgb(197,255,192)",    "rgb(167,255,160)",    "rgb(137,255,127)",    "rgb(108,255,95)",    "rgb(79,255,64)",    "rgb(49,255,32)",    "rgb(19,255,0)",    "rgb(18,236,0)",    "rgb(16,216,0)",    "rgb(15,196,0)",    "rgb(13,176,0)",    "rgb(12,156,0)",    "rgb(10,136,0)",    "rgb(9,116,0)",    "rgb(7,96,0)",    "rgb(223,255,255)",    "rgb(192,255,255)",    "rgb(160,255,255)",    "rgb(127,254,255)",    "rgb(95,254,255)",    "rgb(64,254,255)",    "rgb(32,253,255)",    "rgb(0,253,255)",    "rgb(0,233,236)",    "rgb(0,214,216)",    "rgb(0,194,196)",    "rgb(0,174,176)",    "rgb(0,155,156)",    "rgb(0,135,136)",    "rgb(0,115,116)",    "rgb(0,95,96)",    "rgb(223,228,255)",    "rgb(192,202,255)",    "rgb(160,175,255)",    "rgb(127,147,255)",    "rgb(95,120,255)",    "rgb(64,94,255)",    "rgb(32,66,255)",    "rgb(0,39,255)",    "rgb(0,36,236)",    "rgb(0,33,216)",    "rgb(0,32,207)",    "rgb(0,27,176)",    "rgb(0,24,156)",    "rgb(0,21,136)",    "rgb(0,18,116)",    "rgb(0,14,96)",    "rgb(255,223,255)",    "rgb(255,192,255)",    "rgb(255,160,255)",    "rgb(255,127,255)",    "rgb(255,95,255)",    "rgb(255,64,255)",    "rgb(255,32,255)",    "rgb(255,0,255)",    "rgb(235,0,236)",    "rgb(215,0,216)",    "rgb(207,0,207)",    "rgb(176,0,176)",    "rgb(156,0,156)",    "rgb(136,0,136)",    "rgb(116,0,116)",    "rgb(96,0,96)",    "rgb(255,255,255)",    "rgb(238,238,238)",    "rgb(221,221,221)",    "rgb(204,204,204)",    "rgb(192,192,192)",    "rgb(170,170,170)",    "rgb(153,153,153)",    "rgb(136,136,136)",    "rgb(119,119,119)",    "rgb(102,102,102)",    "rgb(85,85,85)",    "rgb(64,64,64)",    "rgb(51,51,51)",    "rgb(34,34,34)",    "rgb(17,17,17)",    "rgb(0,0,0)"  ]}